Model,Accuracy,Speed_Score,Memory_Usage,Human_Score,TOPSIS_Score,Rank
DialoGPT,0.82,0.9,450,7,0.8241455197228751,1
Blenderbot,0.92,0.5,1100,9,0.5631137453792023,4
Godel,0.88,0.7,850,8,0.7087406567798239,3
GPT-2,0.75,0.95,350,6,0.7731050146961621,2
LLaMA-2,0.95,0.3,2500,9,0.2268949853038379,5
